id_ds,name_ds,nrows,len_y,type_y,num_classes,target_name
3,kr-vs-kp,3196,3196,category,2,class
6,letter,20000,20000,category,26,class
12,mfeat-factors,2000,2000,category,10,class
14,mfeat-fourier,2000,2000,category,10,class
16,mfeat-karhunen,2000,2000,category,10,class
20,mfeat-pixel,2000,2000,category,10,class
22,mfeat-zernike,2000,2000,category,10,class
24,mushroom,8124,8124,category,2,class
28,optdigits,5620,5620,category,10,class
30,page-blocks,5473,5473,category,5,class
32,pendigits,10992,10992,category,10,class
36,segment,2310,2310,category,7,class
38,sick,3772,3772,category,2,Class
44,spambase,4601,4601,category,2,class
46,splice,3190,3190,category,3,Class
57,hypothyroid,3772,3772,category,4,Class
60,waveform-5000,5000,5000,category,3,class
182,satimage,6430,6430,category,6,class
185,baseball,1340,1340,category,3,Hall_of_Fame
197,cpu_act,8192,8192,uint8,56,usr
201,pol,15000,15000,uint8,11,foo
216,elevators,16599,16599,float64,61,Goal
227,cpu_small,8192,8192,uint8,56,usr
287,wine_quality,6497,6497,uint8,7,quality
294,satellite_image,6435,6435,uint8,6,class
296,Ailerons,13750,13750,float64,35,goal
298,coil2000,9822,9822,uint8,2,CARAVAN
301,ozone_level,2536,2536,uint8,2,Class
308,puma32H,8192,8192,float64,7861,thetadd6
312,scene,2407,2407,category,2,Urban
315,us_crime,1994,1994,float64,98,ViolentCrimesPerPop
316,yeast_ml8,2417,2417,category,2,class14
372,internet_usage,10108,10108,category,46,Actual_Time
375,JapaneseVowels,9961,9961,category,9,speaker
378,ipums_la_99-small,8844,8844,category,7,movedin
381,ipums_la_98-small,7485,7485,category,7,movedin
382,ipums_la_97-small,7019,7019,category,8,movedin
405,mtp,4450,4450,float64,800,oz203
416,yprop_4_1,8885,8885,float64,1336,oz252
422,topo_2_1,8885,8885,float64,1336,oz267
454,analcatdata_halloffame,1340,1340,category,3,Hall_of_Fame
473,cjs,2796,2796,category,6,TR
488,colleges_aaup,1161,1161,category,4,Type
503,wind,6574,6574,float64,779,MAL
516,pbcseq,1945,1945,uint8,3,status
558,bank32nh,8192,8192,float64,6284,rej
227,cpu_small,8192,8192,uint8,56,usr
197,cpu_act,8192,8192,uint8,56,usr
574,house_16H,22784,22784,float64,2045,price
201,pol,15000,15000,uint8,11,foo
296,ailerons,13750,13750,float64,35,goal
227,cpu_small,8192,8192,uint8,56,usr
308,puma32H,8192,8192,float64,7861,thetadd6
197,cpu_act,8192,8192,uint8,56,usr
516,pbcseq,1945,1945,uint8,3,status
574,house_16H,22784,22784,float64,2045,price
558,bank32nh,8192,8192,float64,6284,rej
216,elevators,16599,16599,float64,61,Goal
503,wind,6574,6574,float64,779,MAL
488,colleges_aaup,1161,1161,category,4,Type
46,splice,3190,3190,category,3,Class
36,segment,2310,2310,category,7,class
454,analcatdata_halloffame,1340,1340,category,3,Hall_of_Fame
14,mfeat-fourier,2000,2000,category,10,class
375,JapaneseVowels,9961,9961,category,9,speaker
6,letter,20000,20000,category,26,class
12,mfeat-factors,2000,2000,category,10,class
60,waveform-5000,5000,5000,category,3,class
28,optdigits,5620,5620,category,10,class
981,kdd_internet_usage,10108,10108,category,2,Who_Pays_for_Access_Work
993,kdd_ipums_la_97-small,7019,7019,category,2,binaryClass
22,mfeat-zernike,2000,2000,category,10,class
57,hypothyroid,3772,3772,category,4,Class
381,ipums_la_98-small,7485,7485,category,7,movedin
378,ipums_la_99-small,8844,8844,category,7,movedin
32,pendigits,10992,10992,category,10,class
16,mfeat-karhunen,2000,2000,category,10,class
30,page-blocks,5473,5473,category,5,class
20,mfeat-pixel,2000,2000,category,10,class
473,cjs,2796,2796,category,6,TR
1037,ada_prior,4562,4562,category,2,label
1040,sylva_prior,14395,14395,category,2,label
1044,eye_movements,10936,10936,category,3,label
1049,pc4,1458,1458,bool,2,c
1050,pc3,1563,1563,bool,2,c
1053,jm1,10885,10885,bool,2,defects
1056,mc1,9466,9466,bool,2,c
1067,kc1,2109,2109,bool,2,defects
1068,pc1,1109,1109,bool,2,defects
1069,pc2,5589,5589,bool,2,c
1116,musk,6598,6598,category,2,class
1120,MagicTelescope,19020,19020,category,2,class:
1414,Kaggle_bike_sharing_demand_challange,10886,10886,float64,822,count
1444,PizzaCutter3,1043,1043,category,2,def
1453,PieChart3,1077,1077,category,2,def
1466,cardiotocography,2126,2126,category,10,Class
1471,eeg-eye-state,14980,14980,category,2,Class
1475,first-order-theorem-proving,6118,6118,category,6,Class
1476,gas-drift,13910,13910,category,6,Class
1477,gas-drift-different-concentrations,13910,13910,category,6,Class
1479,hill-valley,1212,1212,category,2,Class
1487,ozone-level-8hr,2534,2534,category,2,Class
1491,one-hundred-plants-margin,1600,1600,category,100,Class
1492,one-hundred-plants-shape,1600,1600,category,100,Class
1493,one-hundred-plants-texture,1599,1599,category,100,Class
1494,qsar-biodeg,1055,1055,category,2,Class
1496,ringnorm,7400,7400,category,2,Class
1497,wall-robot-navigation,5456,5456,category,4,Class
1501,semeion,1593,1593,category,10,Class
1504,steel-plates-fault,1941,1941,category,2,Class
1507,twonorm,7400,7400,category,2,Class
1548,autoUniv-au4-2500,2500,2500,category,3,Class
1552,autoUniv-au7-1100,1100,1100,category,5,Class
1461,bank-marketing,45211,45211,category,2,Class
1466,cardiotocography,2126,2126,category,10,Class
1479,hill-valley,1212,1212,category,2,Class
46,splice,3190,3190,category,3,Class
1589,svmguide3,1243,1243,"Sparse[float64, 0]",2,class
981,kdd_internet_usage,10108,10108,category,2,Who_Pays_for_Access_Work
4154,CreditCardSubset,14240,14240,category,2,Class
4534,PhishingWebsites,11055,11055,category,2,Result
4538,GesturePhaseSegmentationProcessed,9873,9873,category,5,Phase
4544,GeographicalOriginalofMusic,1059,1059,float64,1057,V100
4552,BachChoralHarmony,5665,5665,category,102,V17
473,cjs,2796,2796,category,6,TR
40474,thyroid-allbp,2800,2800,category,5,Class
40475,thyroid-allhyper,2800,2800,category,5,Class
40476,thyroid-allhypo,2800,2800,category,5,Class
40477,thyroid-allrep,2800,2800,category,5,Class
40478,thyroid-dis,2800,2800,category,5,Class
40497,thyroid-ann,3772,3772,category,3,Class
40498,wine-quality-white,4898,4898,category,7,Class
40499,texture,5500,5500,category,11,Class
40536,SpeedDating,8378,8378,category,2,match
312,scene,2407,2407,category,2,Urban
181,yeast,1484,1484,category,10,class_protein_localization
40646,GAMETES_Epistasis_2-Way_20atts_0.1H_EDM-1_1,1600,1600,category,2,class
40647,GAMETES_Epistasis_2-Way_20atts_0.4H_EDM-1_1,1600,1600,category,2,class
40648,GAMETES_Epistasis_3-Way_20atts_0.2H_EDM-1_1,1600,1600,category,2,class
40649,GAMETES_Heterogeneity_20atts_1600_Het_0.4_0.2_50_EDM-2_001,1600,1600,category,2,class
40650,GAMETES_Heterogeneity_20atts_1600_Het_0.4_0.2_75_EDM-2_001,1600,1600,category,2,class
40664,car-evaluation,1728,1728,category,4,class
40666,clean2,6598,6598,category,2,class
40670,dna,3186,3186,category,3,class
40677,led24,3200,3200,category,10,class
40680,mofn-3-7-10,1324,1324,category,2,class
40686,solar-flare,315,315,category,5,class
40691,wine-quality-red,1599,1599,category,6,class
40701,churn,5000,5000,category,2,class
40686,solar-flare,315,315,category,5,class
40706,parity5_plus_5,1124,1124,category,2,class
40707,allbp,3772,3772,category,3,class
40708,allrep,3772,3772,category,4,class
40713,dis,3772,3772,category,2,class
40900,Satellite,5100,5100,category,2,Target
40910,Speech,3686,3686,category,2,Target
40704,Titanic,2201,2201,category,2,class
40966,MiceProtein,1080,1080,category,8,class
20,mfeat-pixel,2000,2000,category,10,class
1504,steel-plates-fault,1941,1941,category,2,Class
36,segment,2310,2310,category,7,class
40997,jungle_chess_2pcs_endgame_panther_lion,4704,4704,category,3,class
40997,jungle_chess_2pcs_endgame_panther_lion,4704,4704,category,3,class
40999,jungle_chess_2pcs_endgame_elephant_elephant,2351,2351,category,2,class
41000,jungle_chess_2pcs_endgame_panther_elephant,4704,4704,category,3,class
41002,jungle_chess_2pcs_endgame_rat_panther,5880,5880,category,3,class
41003,jungle_chess_2pcs_endgame_rat_elephant,5880,5880,category,3,class
41004,jungle_chess_2pcs_endgame_lion_elephant,4704,4704,category,3,class
41005,jungle_chess_2pcs_endgame_rat_rat,3660,3660,category,2,class
41006,jungle_chess_2pcs_endgame_rat_lion,5880,5880,category,3,class
41007,jungle_chess_2pcs_endgame_lion_lion,2352,2352,category,2,class
41021,Moneyball,1232,1232,int64,374,RS
41082,USPS,9298,9298,category,10,int0
41143,jasmine,2984,2984,category,2,class
41144,madeline,3140,3140,category,2,class
41145,philippine,5832,5832,category,2,class
41146,sylvine,5124,5124,category,2,class
41156,ada,4147,4147,category,2,class
312,scene,2407,2407,category,2,Urban
181,yeast,1484,1484,category,10,class_protein_localization
41523,test_dataset,15547,15547,uint8,2,class
41523,test_dataset,15547,15547,uint8,2,class
41523,test_dataset,15547,15547,uint8,2,class
41523,test_dataset,15547,15547,uint8,2,class
312,scene,2407,2407,category,2,Urban
41671,microaggregation2,20000,20000,category,5,class
41700,CPMP-2015-regression,2108,2108,float64,1161,runtime
41702,MIP-2016-regression,1090,1090,float64,933,PAR10
41704,ASP-POTASSCO-regression,14234,14234,float64,11624,runtime
41705,ASP-POTASSCO-classification,1294,1294,category,11,algorithm
41707,FOREX_usddkk-day-High,1832,1832,bool,2,Class
41713,FOREX_eurnzd-day-High,1832,1832,bool,2,Class
41716,FOREX_eurcad-day-Close,1834,1834,bool,2,Class
41719,FOREX_eurjpy-day-High,1832,1832,bool,2,Class
41720,FOREX_eurusd-day-High,1837,1837,bool,2,Class
41721,FOREX_audcad-day-High,1834,1834,bool,2,Class
41722,FOREX_usdjpy-day-Close,1835,1835,bool,2,Class
41724,FOREX_chfjpy-day-Close,1832,1832,bool,2,Class
41725,FOREX_eurcad-day-High,1834,1834,bool,2,Class
41726,FOREX_audusd-day-High,1834,1834,bool,2,Class
41730,FOREX_usdchf-day-High,1835,1835,bool,2,Class
41731,FOREX_eursek-day-High,1837,1837,bool,2,Class
41733,FOREX_eurhkd-day-High,1832,1832,bool,2,Class
41737,FOREX_audusd-day-Close,1834,1834,bool,2,Class
41744,FOREX_eurrub-day-High,1832,1832,bool,2,Class
41746,FOREX_cadchf-day-High,1831,1831,bool,2,Class
41750,FOREX_eurhuf-day-Close,1834,1834,bool,2,Class
41753,FOREX_usdcad-day-High,1833,1833,bool,2,Class
41754,FOREX_eurjpy-day-Close,1832,1832,bool,2,Class
41756,FOREX_audsgd-day-High,1832,1832,bool,2,Class
41760,FOREX_eurhuf-day-High,1834,1834,bool,2,Class
41764,FOREX_gbpusd-day-High,1834,1834,bool,2,Class
41765,FOREX_eurtry-day-Close,1832,1832,bool,2,Class
41766,FOREX_eurgbp-day-High,1835,1835,bool,2,Class
41769,FOREX_audcad-day-Close,1834,1834,bool,2,Class
41783,FOREX_eurdkk-day-Close,1836,1836,bool,2,Class
41784,FOREX_gbpusd-day-Close,1834,1834,bool,2,Class
41785,FOREX_eurtry-day-High,1832,1832,bool,2,Class
41788,FOREX_audnzd-day-High,1832,1832,bool,2,Class
41790,FOREX_cadjpy-day-Close,1834,1834,bool,2,Class
41791,FOREX_eurusd-day-Close,1837,1837,bool,2,Class
41797,FOREX_usdjpy-day-High,1835,1835,bool,2,Class
41801,FOREX_eursgd-day-High,1832,1832,bool,2,Class
41803,FOREX_eurchf-day-High,1833,1833,bool,2,Class
41811,FOREX_cadchf-day-Close,1831,1831,bool,2,Class
41812,FOREX_eurnok-day-Close,1837,1837,bool,2,Class
41815,FOREX_eurrub-day-Close,1832,1832,bool,2,Class
41818,FOREX_euraud-day-Close,1834,1834,bool,2,Class
41821,FOREX_eurpln-day-Close,1832,1832,bool,2,Class
41826,FOREX_eurnzd-day-Close,1832,1832,bool,2,Class
41829,FOREX_nzdusd-day-Close,1828,1828,bool,2,Class
41830,FOREX_nzdusd-day-High,1828,1828,bool,2,Class
41834,FOREX_usdcad-day-Close,1833,1833,bool,2,Class
41839,FOREX_cadjpy-day-High,1834,1834,bool,2,Class
41841,FOREX_chfsgd-day-Close,1832,1832,bool,2,Class
41844,FOREX_eurgbp-day-Close,1835,1835,bool,2,Class
41846,FOREX_eursek-day-Close,1837,1837,bool,2,Class
41847,FOREX_eurdkk-day-High,1836,1836,bool,2,Class
41848,FOREX_chfjpy-day-High,1832,1832,bool,2,Class
41849,FOREX_audsgd-day-Close,1832,1832,bool,2,Class
41857,FOREX_audjpy-day-Close,1832,1832,bool,2,Class
41858,FOREX_usdchf-day-Close,1835,1835,bool,2,Class
41863,FOREX_eurnok-day-High,1837,1837,bool,2,Class
41864,FOREX_chfsgd-day-High,1832,1832,bool,2,Class
41866,FOREX_euraud-day-High,1834,1834,bool,2,Class
41867,FOREX_audnzd-day-Close,1832,1832,bool,2,Class
41868,FOREX_eurpln-day-High,1832,1832,bool,2,Class
41872,FOREX_eurhkd-day-Close,1832,1832,bool,2,Class
41874,FOREX_eursgd-day-Close,1832,1832,bool,2,Class
41875,FOREX_audchf-day-High,1833,1833,bool,2,Class
41882,FOREX_audjpy-day-High,1832,1832,bool,2,Class
41894,FOREX_eurchf-day-Close,1833,1833,bool,2,Class
41897,FOREX_usddkk-day-Close,1832,1832,bool,2,Class
41928,CPMP-2015-runtime-regression,2108,2108,float64,1161,runtime
41938,MIP-2016-PAR10-regression,1090,1090,float64,933,PAR10
41082,USPS,9298,9298,category,10,int0
41968,crimecommunitynums,1994,1994,uint8,46,state
41969,crimecommunitynums2,1994,1994,uint8,46,state
41972,Indian_pines,9144,9144,category,8,Class
41980,SAT11-HAND-runtime-regression,4440,4440,float64,1945,runtime
42125,employee_salaries,9228,9228,float64,3403,current_annual_salary
42165,house_prices,1460,1460,int64,663,SalePrice
42178,telco-customer-churn,7043,7043,object,2,Churn
42183,dataset_sales,10738,10738,uint8,51,sales
187,Wine,178,178,category,3,class
42192,compas-two-years,5278,5278,category,2,two_year_recid
42192,compas-two-years,5278,5278,category,2,two_year_recid
42367,treasury,1049,1049,float64,570,1MonthCDRate
42464,Waterstress,1188,1188,uint8,2,class
40753,delays_zurich_transport,5465575,5465575,float64,4082,delay
42563,house_prices_nominal,1460,1460,int64,663,SalePrice
42570,Mercedes_Benz_Greener_Manufacturing,4209,4209,float64,2545,y
42635,house_sales_reduced,21613,21613,float64,4028,price
42636,Long,4477,4477,uint8,2,y
42688,Brazilian_houses,10692,10692,int64,5751,total_(BRL)
42712,Bike_Sharing_Demand,17379,17379,int64,869,count
42712,Bike_Sharing_Demand,17379,17379,int64,869,count
315,us_crime,1994,1994,float64,98,ViolentCrimesPerPop
40536,speeddating,8378,8378,category,2,match
561,cpu,209,209,float64,104,class
216,elevators,16599,16599,float64,61,Goal
6,letter,20000,20000,category,26,class
32,pendigits,10992,10992,category,10,class
32,pendigits,10992,10992,category,10,class
182,satimage,6430,6430,category,6,class
36,segment,2310,2310,category,7,class
36,segment,2310,2310,category,7,class
181,yeast,1484,1484,category,10,class_protein_localization
42889,shill-bidding,6321,6321,uint8,2,Class
42931,audit-data,1552,1552,uint8,2,Risk
41702,MIP-2016-regression,1090,1090,float64,933,PAR10
41702,MIP-2016-regression,1090,1090,float64,933,PAR10
43093,MiamiHousing2016,13932,13932,float64,2111,SALE_PRC
43174,superconduct,21263,21263,float64,3007,critical_temp
43180,IEEE80211aa-GATS,4046,4046,float64,3415,gd_downlink_multicast
33,33,540,540,category,2,band_type
43180,IEEE80211aa-GATS,4046,4046,float64,3415,gd_downlink_multicast
43180,IEEE80211aa-GATS,4046,4046,float64,3415,gd_downlink_multicast
43180,IEEE80211aa-GATS,4046,4046,float64,3415,gd_downlink_multicast
43180,IEEE80211aa-GATS,4046,4046,float64,3415,gd_downlink_multicast
43180,IEEE80211aa-GATS,4046,4046,float64,3415,gd_downlink_multicast
43180,IEEE80211aa-GATS,4046,4046,float64,3415,gd_downlink_multicast
287,wine_quality,6497,6497,uint8,7,quality
43442,Is-this-a-good-customer,1723,1723,uint8,2,bad_client_target
43549,Pokemon-(Generation-1---Generation-8),1045,1045,uint8,2,Legendary
43607,WMO-Hurricane-Survival-Dataset,5021,5021,object,2,Class
43672,Heart-Disease-Dataset-(Comprehensive),1190,1190,uint8,2,target
43672,Heart-Disease-Dataset-(Comprehensive),1190,1190,uint8,2,target
43714,1000-Cameras-Dataset,1038,1038,float64,43,Price
41021,Moneyball,1232,1232,int64,374,RS
43747,Minneapolis-Air-Quality-Survey,4790,4790,float64,495,Results
43812,Performance-Prediction,1340,1340,uint8,2,Target
43888,communities-and-crime-binary,1994,1994,uint8,2,crimegt20pct
43889,law-school-admission-bianry,20800,20800,uint8,2,ugpagt3
43889,law-school-admission-bianry,20800,20800,uint8,2,ugpagt3
43888,communities-and-crime-binary,1994,1994,uint8,2,crimegt20pct
43892,national-longitudinal-survey-binary,4908,4908,category,2,income96gt17
43893,ibm-employee-attrition,1470,1470,object,2,Attrition
43893,ibm-employee-attrition,1470,1470,object,2,Attrition
43895,ibm-employee-performance,1470,1470,category,2,PerformanceRating
43893,ibm-employee-attrition,1470,1470,object,2,Attrition
43895,ibm-employee-performance,1470,1470,category,2,PerformanceRating
43889,law-school-admission-bianry,20800,20800,uint8,2,ugpagt3
43895,ibm-employee-performance,1470,1470,category,2,PerformanceRating
981,kdd_internet_usage,10108,10108,category,2,Who_Pays_for_Access_Work
24,mushroom,8124,8124,category,2,class
43926,ames_housing,2930,2930,float64,1032,Sale_Price
43927,avocado_sales,18249,18249,float64,259,AveragePrice
1044,eye_movements,10936,10936,category,3,label
1114,KDDCup09_upselling,50000,50000,category,2,UPSELLING
41160,rl,31406,31406,category,2,class
201,pol,15000,15000,uint8,11,foo
574,house_16H,22784,22784,float64,2045,price
993,kdd_ipums_la_97-small,7019,7019,category,2,binaryClass
201,pol,15000,15000,uint8,11,foo
574,house_16H,22784,22784,float64,2045,price
993,kdd_ipums_la_97-small,7019,7019,category,2,binaryClass
1120,MagicTelescope,19020,19020,category,2,class:
1044,eye_movements,10936,10936,category,3,label
43978,credit,16714,16714,uint8,2,SeriousDlqin2yrs
187,wine,178,178,category,3,class
197,cpu_act,8192,8192,uint8,56,usr
197,cpu_act,8192,8192,uint8,56,usr
201,pol,15000,15000,uint8,11,foo
216,elevators,16599,16599,float64,61,Goal
287,wine_quality,6497,6497,uint8,7,quality
296,Ailerons,13750,13750,float64,35,goal
574,house_16H,22784,22784,float64,2045,price
197,cpu_act,8192,8192,uint8,56,usr
201,pol,15000,15000,uint8,11,foo
216,elevators,16599,16599,float64,61,Goal
287,wine_quality,6497,6497,uint8,7,quality
296,Ailerons,13750,13750,float64,35,goal
574,house_16H,22784,22784,float64,2045,price
43093,MiamiHousing2016,13932,13932,float64,2111,SALE_PRC
43174,superconduct,21263,21263,float64,3007,critical_temp
197,cpu_act,8192,8192,uint8,56,usr
201,pol,15000,15000,uint8,11,foo
216,elevators,16599,16599,float64,61,Goal
287,wine_quality,6497,6497,uint8,7,quality
296,Ailerons,13750,13750,float64,35,goal
574,house_16H,22784,22784,float64,2045,price
43093,MiamiHousing2016,13932,13932,float64,2111,SALE_PRC
43174,superconduct,21263,21263,float64,3007,critical_temp
1044,eye_movements,10936,10936,category,3,label
1114,KDDCup09_upselling,50000,50000,category,2,UPSELLING
41160,rl,31406,31406,category,2,class
416,yprop_4_1,8885,8885,float64,1336,oz252
42570,Mercedes_Benz_Greener_Manufacturing,4209,4209,float64,2545,y
42688,Brazilian_houses,10692,10692,int64,5751,total_(BRL)
42712,Bike_Sharing_Demand,17379,17379,int64,869,count
44052,compass,16644,16644,int64,2,is_recid
44052,compass,16644,16644,int64,2,is_recid
416,yprop_4_1,8885,8885,float64,1336,oz252
42570,Mercedes_Benz_Greener_Manufacturing,4209,4209,float64,2545,y
42688,Brazilian_houses,10692,10692,int64,5751,total_(BRL)
42712,Bike_Sharing_Demand,17379,17379,int64,869,count
1120,MagicTelescope,19020,19020,category,2,class:
1120,MagicTelescope,19020,19020,category,2,class:
1044,eye_movements,10936,10936,category,3,label
201,pol,15000,15000,uint8,11,foo
574,house_16H,22784,22784,float64,2045,price
993,kdd_ipums_la_97-small,7019,7019,category,2,binaryClass
1120,MagicTelescope,19020,19020,category,2,class:
43978,credit,16714,16714,uint8,2,SeriousDlqin2yrs
187,wine,178,178,category,3,class
1044,eye_movements,10936,10936,category,3,label
44095,spambase_reproduced,4601,4601,category,2,class
201,pol,15000,15000,uint8,11,foo
574,house_16H,22784,22784,float64,2045,price
993,kdd_ipums_la_97-small,7019,7019,category,2,binaryClass
1120,MagicTelescope,19020,19020,category,2,class:
201,pol,15000,15000,uint8,11,foo
574,house_16H,22784,22784,float64,2045,price
993,kdd_ipums_la_97-small,7019,7019,category,2,binaryClass
1120,MagicTelescope,19020,19020,category,2,class:
1044,eye_movements,10936,10936,category,3,label
197,cpu_act,8192,8192,uint8,56,usr
201,pol,15000,15000,uint8,11,foo
216,elevators,16599,16599,float64,61,Goal
287,wine_quality,6497,6497,uint8,7,quality
296,Ailerons,13750,13750,float64,35,goal
574,house_16H,22784,22784,float64,2045,price
43093,MiamiHousing2016,13932,13932,float64,2111,SALE_PRC
43174,superconduct,21263,21263,float64,3007,critical_temp
44150,VulNoneVul,5692,5692,uint8,2,lable
1044,eye_movements,10936,10936,category,3,label
1114,KDDCup09_upselling,50000,50000,category,2,UPSELLING
41160,rl,31406,31406,category,2,class
44052,compass,16644,16644,int64,2,is_recid
44179,IEEE80211aa-GATS-NS3.35,2160,2160,float64,1771,norm_gd_downlink_multicast
44179,IEEE80211aa-GATS-NS3.35,2160,2160,float64,1771,norm_gd_downlink_multicast
1114,KDDCup09_upselling,50000,50000,category,2,UPSELLING
1114,KDDCup09_upselling,50000,50000,category,2,UPSELLING
44201,Intersectional-Bias-Assessment-(Training-Data),10000,10000,uint8,2,Diagnosis
44201,Intersectional-Bias-Assessment-(Training-Data),10000,10000,uint8,2,Diagnosis
44224,MembershipWoes,10362,10362,object,2,MEMBERSHIP_STATUS
44224,MembershipWoes,10362,10362,object,2,MEMBERSHIP_STATUS
44226,NewspaperChurn,15855,15855,object,2,Subscriber
44227,South_Asian_Churn_dataset,2000,2000,object,2,Class
44232,UCI_churn,3333,3333,bool,2,churn
44236,test_dsn,1400,1400,uint8,2,churn_status
44269,turing_binary,10000,10000,uint8,2,Label
44270,turing_course_binary_data,10000,10000,uint8,2,Label
44287,Meta_Album_MD_MIX_Mini,28240,28240,int64,706,CATEGORY
44296,Meta_Album_MD_5_BIS_Mini,28240,28240,int64,706,CATEGORY
44310,Meta_Album_MD_6_Mini,28120,28120,int64,703,CATEGORY
44311,Job_Profitability,14480,14480,float64,7275,Jobs_Gross_Margin_Percentage
43978,credit,16714,16714,uint8,2,SeriousDlqin2yrs
43978,credit,16714,16714,uint8,2,SeriousDlqin2yrs
44347,credit_seed_0_nrows_2000_nclasses_10_ncols_100_stratify_True,2000,2000,category,2,SeriousDlqin2yrs
44347,credit_seed_0_nrows_2000_nclasses_10_ncols_100_stratify_True,2000,2000,category,2,SeriousDlqin2yrs
44349,credit_seed_1_nrows_2000_nclasses_10_ncols_100_stratify_True,2000,2000,category,2,SeriousDlqin2yrs
44350,credit_seed_2_nrows_2000_nclasses_10_ncols_100_stratify_True,2000,2000,category,2,SeriousDlqin2yrs
44351,credit_seed_3_nrows_2000_nclasses_10_ncols_100_stratify_True,2000,2000,category,2,SeriousDlqin2yrs
44352,credit_seed_4_nrows_2000_nclasses_10_ncols_100_stratify_True,2000,2000,category,2,SeriousDlqin2yrs
44347,credit_seed_0_nrows_2000_nclasses_10_ncols_100_stratify_True,2000,2000,category,2,SeriousDlqin2yrs
44349,credit_seed_1_nrows_2000_nclasses_10_ncols_100_stratify_True,2000,2000,category,2,SeriousDlqin2yrs
44350,credit_seed_2_nrows_2000_nclasses_10_ncols_100_stratify_True,2000,2000,category,2,SeriousDlqin2yrs
44351,credit_seed_3_nrows_2000_nclasses_10_ncols_100_stratify_True,2000,2000,category,2,SeriousDlqin2yrs
44347,credit_seed_0_nrows_2000_nclasses_10_ncols_100_stratify_True,2000,2000,category,2,SeriousDlqin2yrs
44349,credit_seed_1_nrows_2000_nclasses_10_ncols_100_stratify_True,2000,2000,category,2,SeriousDlqin2yrs
44350,credit_seed_2_nrows_2000_nclasses_10_ncols_100_stratify_True,2000,2000,category,2,SeriousDlqin2yrs
44351,credit_seed_3_nrows_2000_nclasses_10_ncols_100_stratify_True,2000,2000,category,2,SeriousDlqin2yrs
44352,credit_seed_4_nrows_2000_nclasses_10_ncols_100_stratify_True,2000,2000,category,2,SeriousDlqin2yrs
44367,wine_seed_0_nrows_2000_nclasses_10_ncols_100_stratify_True,2000,2000,bool,2,quality
44368,wine_seed_1_nrows_2000_nclasses_10_ncols_100_stratify_True,2000,2000,bool,2,quality
44369,wine_seed_2_nrows_2000_nclasses_10_ncols_100_stratify_True,2000,2000,bool,2,quality
44370,wine_seed_3_nrows_2000_nclasses_10_ncols_100_stratify_True,2000,2000,bool,2,quality
44371,wine_seed_4_nrows_2000_nclasses_10_ncols_100_stratify_True,2000,2000,bool,2,quality
44377,covertype_seed_0_nrows_2000_nclasses_10_ncols_100_stratify_True,2000,2000,category,2,Y
44378,covertype_seed_1_nrows_2000_nclasses_10_ncols_100_stratify_True,2000,2000,category,2,Y
44379,covertype_seed_2_nrows_2000_nclasses_10_ncols_100_stratify_True,2000,2000,category,2,Y
44380,covertype_seed_3_nrows_2000_nclasses_10_ncols_100_stratify_True,2000,2000,category,2,Y
44381,covertype_seed_4_nrows_2000_nclasses_10_ncols_100_stratify_True,2000,2000,category,2,Y
44382,pol_seed_0_nrows_2000_nclasses_10_ncols_100_stratify_True,2000,2000,category,2,binaryClass
44383,pol_seed_1_nrows_2000_nclasses_10_ncols_100_stratify_True,2000,2000,category,2,binaryClass
44384,pol_seed_2_nrows_2000_nclasses_10_ncols_100_stratify_True,2000,2000,category,2,binaryClass
44385,pol_seed_3_nrows_2000_nclasses_10_ncols_100_stratify_True,2000,2000,category,2,binaryClass
44386,pol_seed_4_nrows_2000_nclasses_10_ncols_100_stratify_True,2000,2000,category,2,binaryClass
44387,house_16H_seed_0_nrows_2000_nclasses_10_ncols_100_stratify_True,2000,2000,category,2,binaryClass
44388,house_16H_seed_1_nrows_2000_nclasses_10_ncols_100_stratify_True,2000,2000,category,2,binaryClass
44389,house_16H_seed_2_nrows_2000_nclasses_10_ncols_100_stratify_True,2000,2000,category,2,binaryClass
44390,house_16H_seed_3_nrows_2000_nclasses_10_ncols_100_stratify_True,2000,2000,category,2,binaryClass
44391,house_16H_seed_4_nrows_2000_nclasses_10_ncols_100_stratify_True,2000,2000,category,2,binaryClass
44392,kdd_ipums_la_97-small_seed_0_nrows_2000_nclasses_10_ncols_100_stratify_True,2000,2000,category,2,binaryClass
44393,kdd_ipums_la_97-small_seed_1_nrows_2000_nclasses_10_ncols_100_stratify_True,2000,2000,category,2,binaryClass
44394,kdd_ipums_la_97-small_seed_2_nrows_2000_nclasses_10_ncols_100_stratify_True,2000,2000,category,2,binaryClass
44395,kdd_ipums_la_97-small_seed_3_nrows_2000_nclasses_10_ncols_100_stratify_True,2000,2000,category,2,binaryClass
44396,kdd_ipums_la_97-small_seed_4_nrows_2000_nclasses_10_ncols_100_stratify_True,2000,2000,category,2,binaryClass
44397,MagicTelescope_seed_0_nrows_2000_nclasses_10_ncols_100_stratify_True,2000,2000,category,2,class
44398,MagicTelescope_seed_1_nrows_2000_nclasses_10_ncols_100_stratify_True,2000,2000,category,2,class
44399,MagicTelescope_seed_2_nrows_2000_nclasses_10_ncols_100_stratify_True,2000,2000,category,2,class
44400,MagicTelescope_seed_3_nrows_2000_nclasses_10_ncols_100_stratify_True,2000,2000,category,2,class
44401,MagicTelescope_seed_4_nrows_2000_nclasses_10_ncols_100_stratify_True,2000,2000,category,2,class
44412,MiniBooNE_seed_0_nrows_2000_nclasses_10_ncols_100_stratify_True,2000,2000,bool,2,signal
44413,MiniBooNE_seed_1_nrows_2000_nclasses_10_ncols_100_stratify_True,2000,2000,bool,2,signal
44414,MiniBooNE_seed_2_nrows_2000_nclasses_10_ncols_100_stratify_True,2000,2000,bool,2,signal
44415,MiniBooNE_seed_3_nrows_2000_nclasses_10_ncols_100_stratify_True,2000,2000,bool,2,signal
44416,MiniBooNE_seed_4_nrows_2000_nclasses_10_ncols_100_stratify_True,2000,2000,bool,2,signal
44417,Higgs_seed_0_nrows_2000_nclasses_10_ncols_100_stratify_True,2000,2000,category,2,target
44418,Higgs_seed_1_nrows_2000_nclasses_10_ncols_100_stratify_True,2000,2000,category,2,target
44419,Higgs_seed_2_nrows_2000_nclasses_10_ncols_100_stratify_True,2000,2000,category,2,target
44420,Higgs_seed_3_nrows_2000_nclasses_10_ncols_100_stratify_True,2000,2000,category,2,target
44421,Higgs_seed_4_nrows_2000_nclasses_10_ncols_100_stratify_True,2000,2000,category,2,target
44421,Higgs_seed_4_nrows_2000_nclasses_10_ncols_100_stratify_True,2000,2000,category,2,target
44423,eye_movements_seed_0_nrows_2000_nclasses_10_ncols_100_stratify_True,2000,2000,category,2,label
44424,eye_movements_seed_1_nrows_2000_nclasses_10_ncols_100_stratify_True,2000,2000,category,2,label
44425,eye_movements_seed_2_nrows_2000_nclasses_10_ncols_100_stratify_True,2000,2000,category,2,label
44426,eye_movements_seed_3_nrows_2000_nclasses_10_ncols_100_stratify_True,2000,2000,category,2,label
44427,eye_movements_seed_4_nrows_2000_nclasses_10_ncols_100_stratify_True,2000,2000,category,2,label
44428,jannis_seed_0_nrows_2000_nclasses_10_ncols_100_stratify_True,2000,2000,category,2,class
44429,jannis_seed_1_nrows_2000_nclasses_10_ncols_100_stratify_True,2000,2000,category,2,class
44430,jannis_seed_2_nrows_2000_nclasses_10_ncols_100_stratify_True,2000,2000,category,2,class
44431,jannis_seed_3_nrows_2000_nclasses_10_ncols_100_stratify_True,2000,2000,category,2,class
44432,jannis_seed_4_nrows_2000_nclasses_10_ncols_100_stratify_True,2000,2000,category,2,class
44423,eye_movements_seed_0_nrows_2000_nclasses_10_ncols_100_stratify_True,2000,2000,category,2,label
44424,eye_movements_seed_1_nrows_2000_nclasses_10_ncols_100_stratify_True,2000,2000,category,2,label
44425,eye_movements_seed_2_nrows_2000_nclasses_10_ncols_100_stratify_True,2000,2000,category,2,label
44426,eye_movements_seed_3_nrows_2000_nclasses_10_ncols_100_stratify_True,2000,2000,category,2,label
44427,eye_movements_seed_4_nrows_2000_nclasses_10_ncols_100_stratify_True,2000,2000,category,2,label
44377,covertype_seed_0_nrows_2000_nclasses_10_ncols_100_stratify_True,2000,2000,category,2,Y
44378,covertype_seed_1_nrows_2000_nclasses_10_ncols_100_stratify_True,2000,2000,category,2,Y
44379,covertype_seed_2_nrows_2000_nclasses_10_ncols_100_stratify_True,2000,2000,category,2,Y
44380,covertype_seed_3_nrows_2000_nclasses_10_ncols_100_stratify_True,2000,2000,category,2,Y
44381,covertype_seed_4_nrows_2000_nclasses_10_ncols_100_stratify_True,2000,2000,category,2,Y
44448,rl_seed_0_nrows_2000_nclasses_10_ncols_100_stratify_True,2000,2000,category,2,class
44449,rl_seed_1_nrows_2000_nclasses_10_ncols_100_stratify_True,2000,2000,category,2,class
44450,rl_seed_2_nrows_2000_nclasses_10_ncols_100_stratify_True,2000,2000,category,2,class
44451,rl_seed_3_nrows_2000_nclasses_10_ncols_100_stratify_True,2000,2000,category,2,class
44452,rl_seed_4_nrows_2000_nclasses_10_ncols_100_stratify_True,2000,2000,category,2,class
44453,road-safety_seed_0_nrows_2000_nclasses_10_ncols_100_stratify_True,2000,2000,category,2,Sex_of_Driver
44454,road-safety_seed_1_nrows_2000_nclasses_10_ncols_100_stratify_True,2000,2000,category,2,Sex_of_Driver
44455,road-safety_seed_2_nrows_2000_nclasses_10_ncols_100_stratify_True,2000,2000,category,2,Sex_of_Driver
44456,road-safety_seed_3_nrows_2000_nclasses_10_ncols_100_stratify_True,2000,2000,category,2,Sex_of_Driver
44457,road-safety_seed_4_nrows_2000_nclasses_10_ncols_100_stratify_True,2000,2000,category,2,Sex_of_Driver
44458,compass_seed_0_nrows_2000_nclasses_10_ncols_100_stratify_True,2000,2000,category,2,is_recid
44459,compass_seed_1_nrows_2000_nclasses_10_ncols_100_stratify_True,2000,2000,category,2,is_recid
44460,compass_seed_2_nrows_2000_nclasses_10_ncols_100_stratify_True,2000,2000,category,2,is_recid
44461,compass_seed_3_nrows_2000_nclasses_10_ncols_100_stratify_True,2000,2000,category,2,is_recid
44462,compass_seed_4_nrows_2000_nclasses_10_ncols_100_stratify_True,2000,2000,category,2,is_recid
44463,KDDCup09_upselling_seed_0_nrows_2000_nclasses_10_ncols_100_stratify_True,2000,2000,category,2,UPSELLING
44464,KDDCup09_upselling_seed_1_nrows_2000_nclasses_10_ncols_100_stratify_True,2000,2000,category,2,UPSELLING
44465,KDDCup09_upselling_seed_2_nrows_2000_nclasses_10_ncols_100_stratify_True,2000,2000,category,2,UPSELLING
44466,KDDCup09_upselling_seed_3_nrows_2000_nclasses_10_ncols_100_stratify_True,2000,2000,category,2,UPSELLING
44467,KDDCup09_upselling_seed_4_nrows_2000_nclasses_10_ncols_100_stratify_True,2000,2000,category,2,UPSELLING
44473,KDDCup09_appetency_seed_0_nrows_2000_nclasses_10_ncols_100_stratify_True,2000,2000,category,2,APPETENCY
44474,KDDCup09_appetency_seed_1_nrows_2000_nclasses_10_ncols_100_stratify_True,2000,2000,category,2,APPETENCY
44475,KDDCup09_appetency_seed_2_nrows_2000_nclasses_10_ncols_100_stratify_True,2000,2000,category,2,APPETENCY
44476,KDDCup09_appetency_seed_3_nrows_2000_nclasses_10_ncols_100_stratify_True,2000,2000,category,2,APPETENCY
44477,KDDCup09_appetency_seed_4_nrows_2000_nclasses_10_ncols_100_stratify_True,2000,2000,category,2,APPETENCY
44478,amazon-commerce-reviews_seed_0_nrows_2000_nclasses_10_ncols_100_stratify_True,1500,1500,category,50,Class
44479,amazon-commerce-reviews_seed_1_nrows_2000_nclasses_10_ncols_100_stratify_True,1500,1500,category,50,Class
44480,amazon-commerce-reviews_seed_2_nrows_2000_nclasses_10_ncols_100_stratify_True,1500,1500,category,50,Class
44481,amazon-commerce-reviews_seed_3_nrows_2000_nclasses_10_ncols_100_stratify_True,1500,1500,category,50,Class
44482,amazon-commerce-reviews_seed_4_nrows_2000_nclasses_10_ncols_100_stratify_True,1500,1500,category,50,Class
44493,numerai28.6_seed_0_nrows_2000_nclasses_10_ncols_100_stratify_True,2000,2000,category,2,attribute_21
44494,numerai28.6_seed_1_nrows_2000_nclasses_10_ncols_100_stratify_True,2000,2000,category,2,attribute_21
44495,numerai28.6_seed_2_nrows_2000_nclasses_10_ncols_100_stratify_True,2000,2000,category,2,attribute_21
44496,numerai28.6_seed_3_nrows_2000_nclasses_10_ncols_100_stratify_True,2000,2000,category,2,attribute_21
44497,numerai28.6_seed_4_nrows_2000_nclasses_10_ncols_100_stratify_True,2000,2000,category,2,attribute_21
44503,steel-plates-fault_seed_0_nrows_2000_nclasses_10_ncols_100_stratify_True,1941,1941,category,7,target
44504,steel-plates-fault_seed_1_nrows_2000_nclasses_10_ncols_100_stratify_True,1941,1941,category,7,target
44505,steel-plates-fault_seed_2_nrows_2000_nclasses_10_ncols_100_stratify_True,1941,1941,category,7,target
44506,steel-plates-fault_seed_3_nrows_2000_nclasses_10_ncols_100_stratify_True,1941,1941,category,7,target
44507,steel-plates-fault_seed_4_nrows_2000_nclasses_10_ncols_100_stratify_True,1941,1941,category,7,target
44508,APSFailure_seed_0_nrows_2000_nclasses_10_ncols_100_stratify_True,2000,2000,category,2,class
44509,APSFailure_seed_1_nrows_2000_nclasses_10_ncols_100_stratify_True,2000,2000,category,2,class
44510,APSFailure_seed_2_nrows_2000_nclasses_10_ncols_100_stratify_True,2000,2000,category,2,class
44511,APSFailure_seed_3_nrows_2000_nclasses_10_ncols_100_stratify_True,2000,2000,category,2,class
44512,APSFailure_seed_4_nrows_2000_nclasses_10_ncols_100_stratify_True,2000,2000,category,2,class
44513,dilbert_seed_0_nrows_2000_nclasses_10_ncols_100_stratify_True,2000,2000,category,5,class
44514,dilbert_seed_1_nrows_2000_nclasses_10_ncols_100_stratify_True,2000,2000,category,5,class
44515,dilbert_seed_2_nrows_2000_nclasses_10_ncols_100_stratify_True,2000,2000,category,5,class
44516,dilbert_seed_3_nrows_2000_nclasses_10_ncols_100_stratify_True,2000,2000,category,5,class
44517,dilbert_seed_4_nrows_2000_nclasses_10_ncols_100_stratify_True,2000,2000,category,5,class
44518,fabert_seed_0_nrows_2000_nclasses_10_ncols_100_stratify_True,2000,2000,category,7,class
44519,fabert_seed_1_nrows_2000_nclasses_10_ncols_100_stratify_True,2000,2000,category,7,class
44520,fabert_seed_2_nrows_2000_nclasses_10_ncols_100_stratify_True,2000,2000,category,7,class
44521,fabert_seed_3_nrows_2000_nclasses_10_ncols_100_stratify_True,2000,2000,category,7,class
44522,fabert_seed_4_nrows_2000_nclasses_10_ncols_100_stratify_True,2000,2000,category,7,class
44523,jasmine_seed_0_nrows_2000_nclasses_10_ncols_100_stratify_True,2000,2000,category,2,class
44524,jasmine_seed_1_nrows_2000_nclasses_10_ncols_100_stratify_True,2000,2000,category,2,class
44525,jasmine_seed_2_nrows_2000_nclasses_10_ncols_100_stratify_True,2000,2000,category,2,class
44526,jasmine_seed_3_nrows_2000_nclasses_10_ncols_100_stratify_True,2000,2000,category,2,class
44527,jasmine_seed_4_nrows_2000_nclasses_10_ncols_100_stratify_True,2000,2000,category,2,class
44533,dionis_seed_0_nrows_2000_nclasses_10_ncols_100_stratify_True,2000,2000,category,355,class
44534,dionis_seed_1_nrows_2000_nclasses_10_ncols_100_stratify_True,2000,2000,category,355,class
44535,dionis_seed_2_nrows_2000_nclasses_10_ncols_100_stratify_True,2000,2000,category,355,class
44536,dionis_seed_3_nrows_2000_nclasses_10_ncols_100_stratify_True,2000,2000,category,355,class
44537,dionis_seed_4_nrows_2000_nclasses_10_ncols_100_stratify_True,2000,2000,category,355,class
44538,albert_seed_0_nrows_2000_nclasses_10_ncols_100_stratify_True,2000,2000,category,2,class
44539,albert_seed_1_nrows_2000_nclasses_10_ncols_100_stratify_True,2000,2000,category,2,class
44540,albert_seed_2_nrows_2000_nclasses_10_ncols_100_stratify_True,2000,2000,category,2,class
44541,albert_seed_3_nrows_2000_nclasses_10_ncols_100_stratify_True,2000,2000,category,2,class
44542,albert_seed_4_nrows_2000_nclasses_10_ncols_100_stratify_True,2000,2000,category,2,class
44543,gina_seed_0_nrows_2000_nclasses_10_ncols_100_stratify_True,2000,2000,category,2,class
44544,gina_seed_1_nrows_2000_nclasses_10_ncols_100_stratify_True,2000,2000,category,2,class
44545,gina_seed_2_nrows_2000_nclasses_10_ncols_100_stratify_True,2000,2000,category,2,class
44546,gina_seed_3_nrows_2000_nclasses_10_ncols_100_stratify_True,2000,2000,category,2,class
44547,gina_seed_4_nrows_2000_nclasses_10_ncols_100_stratify_True,2000,2000,category,2,class
44548,ozone-level-8hr_seed_0_nrows_2000_nclasses_10_ncols_100_stratify_True,2000,2000,category,2,Class
44549,ozone-level-8hr_seed_1_nrows_2000_nclasses_10_ncols_100_stratify_True,2000,2000,category,2,Class
44550,ozone-level-8hr_seed_2_nrows_2000_nclasses_10_ncols_100_stratify_True,2000,2000,category,2,Class
44551,ozone-level-8hr_seed_3_nrows_2000_nclasses_10_ncols_100_stratify_True,2000,2000,category,2,Class
44552,ozone-level-8hr_seed_4_nrows_2000_nclasses_10_ncols_100_stratify_True,2000,2000,category,2,Class
44558,madeline_seed_0_nrows_2000_nclasses_10_ncols_100_stratify_True,2000,2000,category,2,class
44559,madeline_seed_1_nrows_2000_nclasses_10_ncols_100_stratify_True,2000,2000,category,2,class
44560,madeline_seed_2_nrows_2000_nclasses_10_ncols_100_stratify_True,2000,2000,category,2,class
44561,madeline_seed_3_nrows_2000_nclasses_10_ncols_100_stratify_True,2000,2000,category,2,class
44562,madeline_seed_4_nrows_2000_nclasses_10_ncols_100_stratify_True,2000,2000,category,2,class
44563,philippine_seed_0_nrows_2000_nclasses_10_ncols_100_stratify_True,2000,2000,category,2,class
44564,philippine_seed_1_nrows_2000_nclasses_10_ncols_100_stratify_True,2000,2000,category,2,class
44565,philippine_seed_2_nrows_2000_nclasses_10_ncols_100_stratify_True,2000,2000,category,2,class
44566,philippine_seed_3_nrows_2000_nclasses_10_ncols_100_stratify_True,2000,2000,category,2,class
44567,philippine_seed_4_nrows_2000_nclasses_10_ncols_100_stratify_True,2000,2000,category,2,class
44568,ada_seed_0_nrows_2000_nclasses_10_ncols_100_stratify_True,2000,2000,category,2,class
44569,ada_seed_1_nrows_2000_nclasses_10_ncols_100_stratify_True,2000,2000,category,2,class
44570,ada_seed_2_nrows_2000_nclasses_10_ncols_100_stratify_True,2000,2000,category,2,class
44571,ada_seed_3_nrows_2000_nclasses_10_ncols_100_stratify_True,2000,2000,category,2,class
44572,ada_seed_4_nrows_2000_nclasses_10_ncols_100_stratify_True,2000,2000,category,2,class
44578,Diabetes130US_seed_0_nrows_2000_nclasses_10_ncols_100_stratify_True,2000,2000,category,3,readmitted
44579,Diabetes130US_seed_1_nrows_2000_nclasses_10_ncols_100_stratify_True,2000,2000,category,3,readmitted
44580,Diabetes130US_seed_2_nrows_2000_nclasses_10_ncols_100_stratify_True,2000,2000,category,3,readmitted
44581,Diabetes130US_seed_3_nrows_2000_nclasses_10_ncols_100_stratify_True,2000,2000,category,3,readmitted
44582,Diabetes130US_seed_4_nrows_2000_nclasses_10_ncols_100_stratify_True,2000,2000,category,3,readmitted
44598,qsar-biodeg_seed_0_nrows_2000_nclasses_10_ncols_100_stratify_True,1055,1055,category,2,Class
44599,qsar-biodeg_seed_1_nrows_2000_nclasses_10_ncols_100_stratify_True,1055,1055,category,2,Class
44600,qsar-biodeg_seed_2_nrows_2000_nclasses_10_ncols_100_stratify_True,1055,1055,category,2,Class
44601,qsar-biodeg_seed_3_nrows_2000_nclasses_10_ncols_100_stratify_True,1055,1055,category,2,Class
44602,qsar-biodeg_seed_4_nrows_2000_nclasses_10_ncols_100_stratify_True,1055,1055,category,2,Class
44603,cnae-9_seed_0_nrows_2000_nclasses_10_ncols_100_stratify_True,1080,1080,category,9,Class
44604,cnae-9_seed_1_nrows_2000_nclasses_10_ncols_100_stratify_True,1080,1080,category,9,Class
44605,cnae-9_seed_2_nrows_2000_nclasses_10_ncols_100_stratify_True,1080,1080,category,9,Class
44606,cnae-9_seed_3_nrows_2000_nclasses_10_ncols_100_stratify_True,1080,1080,category,9,Class
44607,cnae-9_seed_4_nrows_2000_nclasses_10_ncols_100_stratify_True,1080,1080,category,9,Class
44608,pc4_seed_0_nrows_2000_nclasses_10_ncols_100_stratify_True,1458,1458,bool,2,c
44609,pc4_seed_1_nrows_2000_nclasses_10_ncols_100_stratify_True,1458,1458,bool,2,c
44610,pc4_seed_2_nrows_2000_nclasses_10_ncols_100_stratify_True,1458,1458,bool,2,c
44611,pc4_seed_3_nrows_2000_nclasses_10_ncols_100_stratify_True,1458,1458,bool,2,c
44612,pc4_seed_4_nrows_2000_nclasses_10_ncols_100_stratify_True,1458,1458,bool,2,c
44623,mfeat-factors_seed_0_nrows_2000_nclasses_10_ncols_100_stratify_True,2000,2000,category,10,class
44624,mfeat-factors_seed_1_nrows_2000_nclasses_10_ncols_100_stratify_True,2000,2000,category,10,class
44625,mfeat-factors_seed_2_nrows_2000_nclasses_10_ncols_100_stratify_True,2000,2000,category,10,class
44626,mfeat-factors_seed_3_nrows_2000_nclasses_10_ncols_100_stratify_True,2000,2000,category,10,class
44627,mfeat-factors_seed_4_nrows_2000_nclasses_10_ncols_100_stratify_True,2000,2000,category,10,class
44628,kc1_seed_0_nrows_2000_nclasses_10_ncols_100_stratify_True,2000,2000,bool,2,defects
44629,kc1_seed_1_nrows_2000_nclasses_10_ncols_100_stratify_True,2000,2000,bool,2,defects
44630,kc1_seed_2_nrows_2000_nclasses_10_ncols_100_stratify_True,2000,2000,bool,2,defects
44631,kc1_seed_3_nrows_2000_nclasses_10_ncols_100_stratify_True,2000,2000,bool,2,defects
44632,kc1_seed_4_nrows_2000_nclasses_10_ncols_100_stratify_True,2000,2000,bool,2,defects
44633,segment_seed_0_nrows_2000_nclasses_10_ncols_100_stratify_True,2000,2000,category,7,class
44634,segment_seed_1_nrows_2000_nclasses_10_ncols_100_stratify_True,2000,2000,category,7,class
44635,segment_seed_2_nrows_2000_nclasses_10_ncols_100_stratify_True,2000,2000,category,7,class
44636,segment_seed_3_nrows_2000_nclasses_10_ncols_100_stratify_True,2000,2000,category,7,class
44637,segment_seed_4_nrows_2000_nclasses_10_ncols_100_stratify_True,2000,2000,category,7,class
44638,dna_seed_0_nrows_2000_nclasses_10_ncols_100_stratify_True,2000,2000,category,3,class
44639,dna_seed_1_nrows_2000_nclasses_10_ncols_100_stratify_True,2000,2000,category,3,class
44640,dna_seed_2_nrows_2000_nclasses_10_ncols_100_stratify_True,2000,2000,category,3,class
44641,dna_seed_3_nrows_2000_nclasses_10_ncols_100_stratify_True,2000,2000,category,3,class
44642,dna_seed_4_nrows_2000_nclasses_10_ncols_100_stratify_True,2000,2000,category,3,class
44643,kr-vs-kp_seed_0_nrows_2000_nclasses_10_ncols_100_stratify_True,2000,2000,category,2,class
44644,kr-vs-kp_seed_1_nrows_2000_nclasses_10_ncols_100_stratify_True,2000,2000,category,2,class
44645,kr-vs-kp_seed_2_nrows_2000_nclasses_10_ncols_100_stratify_True,2000,2000,category,2,class
44646,kr-vs-kp_seed_3_nrows_2000_nclasses_10_ncols_100_stratify_True,2000,2000,category,2,class
44647,kr-vs-kp_seed_4_nrows_2000_nclasses_10_ncols_100_stratify_True,2000,2000,category,2,class
44648,Internet-Advertisements_seed_0_nrows_2000_nclasses_10_ncols_100_stratify_True,2000,2000,category,2,class
44649,Internet-Advertisements_seed_1_nrows_2000_nclasses_10_ncols_100_stratify_True,2000,2000,category,2,class
44650,Internet-Advertisements_seed_2_nrows_2000_nclasses_10_ncols_100_stratify_True,2000,2000,category,2,class
44651,Internet-Advertisements_seed_3_nrows_2000_nclasses_10_ncols_100_stratify_True,2000,2000,category,2,class
44652,Internet-Advertisements_seed_4_nrows_2000_nclasses_10_ncols_100_stratify_True,2000,2000,category,2,class
44653,Bioresponse_seed_0_nrows_2000_nclasses_10_ncols_100_stratify_True,2000,2000,category,2,target
44654,Bioresponse_seed_1_nrows_2000_nclasses_10_ncols_100_stratify_True,2000,2000,category,2,target
44655,Bioresponse_seed_2_nrows_2000_nclasses_10_ncols_100_stratify_True,2000,2000,category,2,target
44656,Bioresponse_seed_3_nrows_2000_nclasses_10_ncols_100_stratify_True,2000,2000,category,2,target
44657,Bioresponse_seed_4_nrows_2000_nclasses_10_ncols_100_stratify_True,2000,2000,category,2,target
44658,churn_seed_0_nrows_2000_nclasses_10_ncols_100_stratify_True,2000,2000,category,2,class
44659,churn_seed_1_nrows_2000_nclasses_10_ncols_100_stratify_True,2000,2000,category,2,class
44660,churn_seed_2_nrows_2000_nclasses_10_ncols_100_stratify_True,2000,2000,category,2,class
44661,churn_seed_3_nrows_2000_nclasses_10_ncols_100_stratify_True,2000,2000,category,2,class
44662,churn_seed_4_nrows_2000_nclasses_10_ncols_100_stratify_True,2000,2000,category,2,class
44663,first-order-theorem-proving_seed_0_nrows_2000_nclasses_10_ncols_100_stratify_True,2000,2000,category,6,Class
44664,first-order-theorem-proving_seed_1_nrows_2000_nclasses_10_ncols_100_stratify_True,2000,2000,category,6,Class
44665,first-order-theorem-proving_seed_2_nrows_2000_nclasses_10_ncols_100_stratify_True,2000,2000,category,6,Class
44666,first-order-theorem-proving_seed_3_nrows_2000_nclasses_10_ncols_100_stratify_True,2000,2000,category,6,Class
44667,first-order-theorem-proving_seed_4_nrows_2000_nclasses_10_ncols_100_stratify_True,2000,2000,category,6,Class
44668,GesturePhaseSegmentationProcessed_seed_0_nrows_2000_nclasses_10_ncols_100_stratify_True,2000,2000,category,5,Phase
44669,GesturePhaseSegmentationProcessed_seed_1_nrows_2000_nclasses_10_ncols_100_stratify_True,2000,2000,category,5,Phase
44670,GesturePhaseSegmentationProcessed_seed_2_nrows_2000_nclasses_10_ncols_100_stratify_True,2000,2000,category,5,Phase
44671,GesturePhaseSegmentationProcessed_seed_3_nrows_2000_nclasses_10_ncols_100_stratify_True,2000,2000,category,5,Phase
44672,GesturePhaseSegmentationProcessed_seed_4_nrows_2000_nclasses_10_ncols_100_stratify_True,2000,2000,category,5,Phase
44673,PhishingWebsites_seed_0_nrows_2000_nclasses_10_ncols_100_stratify_True,2000,2000,category,2,Result
44674,PhishingWebsites_seed_1_nrows_2000_nclasses_10_ncols_100_stratify_True,2000,2000,category,2,Result
44675,PhishingWebsites_seed_2_nrows_2000_nclasses_10_ncols_100_stratify_True,2000,2000,category,2,Result
44676,PhishingWebsites_seed_3_nrows_2000_nclasses_10_ncols_100_stratify_True,2000,2000,category,2,Result
44677,PhishingWebsites_seed_4_nrows_2000_nclasses_10_ncols_100_stratify_True,2000,2000,category,2,Result
44678,sylvine_seed_0_nrows_2000_nclasses_10_ncols_100_stratify_True,2000,2000,category,2,class
44679,sylvine_seed_1_nrows_2000_nclasses_10_ncols_100_stratify_True,2000,2000,category,2,class
44680,sylvine_seed_2_nrows_2000_nclasses_10_ncols_100_stratify_True,2000,2000,category,2,class
44681,sylvine_seed_3_nrows_2000_nclasses_10_ncols_100_stratify_True,2000,2000,category,2,class
44682,sylvine_seed_4_nrows_2000_nclasses_10_ncols_100_stratify_True,2000,2000,category,2,class
44683,christine_seed_0_nrows_2000_nclasses_10_ncols_100_stratify_True,2000,2000,category,2,class
44684,christine_seed_1_nrows_2000_nclasses_10_ncols_100_stratify_True,2000,2000,category,2,class
44685,christine_seed_2_nrows_2000_nclasses_10_ncols_100_stratify_True,2000,2000,category,2,class
44686,christine_seed_3_nrows_2000_nclasses_10_ncols_100_stratify_True,2000,2000,category,2,class
44687,christine_seed_4_nrows_2000_nclasses_10_ncols_100_stratify_True,2000,2000,category,2,class
44688,wine-quality-white_seed_0_nrows_2000_nclasses_10_ncols_100_stratify_True,2000,2000,category,7,Class
44689,wine-quality-white_seed_1_nrows_2000_nclasses_10_ncols_100_stratify_True,2000,2000,category,7,Class
44690,wine-quality-white_seed_2_nrows_2000_nclasses_10_ncols_100_stratify_True,2000,2000,category,7,Class
44691,wine-quality-white_seed_3_nrows_2000_nclasses_10_ncols_100_stratify_True,2000,2000,category,7,Class
44692,wine-quality-white_seed_4_nrows_2000_nclasses_10_ncols_100_stratify_True,2000,2000,category,7,Class
44693,Satellite_seed_0_nrows_2000_nclasses_10_ncols_100_stratify_True,2000,2000,category,2,Target
44694,Satellite_seed_1_nrows_2000_nclasses_10_ncols_100_stratify_True,2000,2000,category,2,Target
44695,Satellite_seed_2_nrows_2000_nclasses_10_ncols_100_stratify_True,2000,2000,category,2,Target
44696,Satellite_seed_3_nrows_2000_nclasses_10_ncols_100_stratify_True,2000,2000,category,2,Target
44697,Satellite_seed_4_nrows_2000_nclasses_10_ncols_100_stratify_True,2000,2000,category,2,Target
44698,Fashion-MNIST_seed_0_nrows_2000_nclasses_10_ncols_100_stratify_True,2000,2000,category,10,class
44699,Fashion-MNIST_seed_1_nrows_2000_nclasses_10_ncols_100_stratify_True,2000,2000,category,10,class
44700,Fashion-MNIST_seed_2_nrows_2000_nclasses_10_ncols_100_stratify_True,2000,2000,category,10,class
44701,Fashion-MNIST_seed_3_nrows_2000_nclasses_10_ncols_100_stratify_True,2000,2000,category,10,class
44702,Fashion-MNIST_seed_4_nrows_2000_nclasses_10_ncols_100_stratify_True,2000,2000,category,10,class
44703,connect-4_seed_0_nrows_2000_nclasses_10_ncols_100_stratify_True,2000,2000,category,3,class
44704,connect-4_seed_1_nrows_2000_nclasses_10_ncols_100_stratify_True,2000,2000,category,3,class
44705,connect-4_seed_2_nrows_2000_nclasses_10_ncols_100_stratify_True,2000,2000,category,3,class
44706,connect-4_seed_3_nrows_2000_nclasses_10_ncols_100_stratify_True,2000,2000,category,3,class
44707,connect-4_seed_4_nrows_2000_nclasses_10_ncols_100_stratify_True,2000,2000,category,3,class
44713,nomao_seed_0_nrows_2000_nclasses_10_ncols_100_stratify_True,2000,2000,category,2,Class
44714,nomao_seed_1_nrows_2000_nclasses_10_ncols_100_stratify_True,2000,2000,category,2,Class
44715,nomao_seed_2_nrows_2000_nclasses_10_ncols_100_stratify_True,2000,2000,category,2,Class
44716,nomao_seed_3_nrows_2000_nclasses_10_ncols_100_stratify_True,2000,2000,category,2,Class
44717,nomao_seed_4_nrows_2000_nclasses_10_ncols_100_stratify_True,2000,2000,category,2,Class
44723,adult_seed_0_nrows_2000_nclasses_10_ncols_100_stratify_True,2000,2000,category,2,class
44724,adult_seed_1_nrows_2000_nclasses_10_ncols_100_stratify_True,2000,2000,category,2,class
44725,adult_seed_2_nrows_2000_nclasses_10_ncols_100_stratify_True,2000,2000,category,2,class
44726,adult_seed_3_nrows_2000_nclasses_10_ncols_100_stratify_True,2000,2000,category,2,class
44727,adult_seed_4_nrows_2000_nclasses_10_ncols_100_stratify_True,2000,2000,category,2,class
44728,helena_seed_0_nrows_2000_nclasses_10_ncols_100_stratify_True,2000,2000,category,100,class
44729,helena_seed_1_nrows_2000_nclasses_10_ncols_100_stratify_True,2000,2000,category,100,class
44730,helena_seed_2_nrows_2000_nclasses_10_ncols_100_stratify_True,2000,2000,category,100,class
44731,helena_seed_3_nrows_2000_nclasses_10_ncols_100_stratify_True,2000,2000,category,100,class
44732,helena_seed_4_nrows_2000_nclasses_10_ncols_100_stratify_True,2000,2000,category,100,class
44733,volkert_seed_0_nrows_2000_nclasses_10_ncols_100_stratify_True,2000,2000,category,10,class
44734,volkert_seed_1_nrows_2000_nclasses_10_ncols_100_stratify_True,2000,2000,category,10,class
44735,volkert_seed_2_nrows_2000_nclasses_10_ncols_100_stratify_True,2000,2000,category,10,class
44736,volkert_seed_3_nrows_2000_nclasses_10_ncols_100_stratify_True,2000,2000,category,10,class
44737,volkert_seed_4_nrows_2000_nclasses_10_ncols_100_stratify_True,2000,2000,category,10,class
44738,robert_seed_0_nrows_2000_nclasses_10_ncols_100_stratify_True,2000,2000,category,10,class
44739,robert_seed_1_nrows_2000_nclasses_10_ncols_100_stratify_True,2000,2000,category,10,class
44740,robert_seed_2_nrows_2000_nclasses_10_ncols_100_stratify_True,2000,2000,category,10,class
44741,robert_seed_3_nrows_2000_nclasses_10_ncols_100_stratify_True,2000,2000,category,10,class
44742,robert_seed_4_nrows_2000_nclasses_10_ncols_100_stratify_True,2000,2000,category,10,class
44748,guillermo_seed_0_nrows_2000_nclasses_10_ncols_100_stratify_True,2000,2000,category,2,class
44749,guillermo_seed_1_nrows_2000_nclasses_10_ncols_100_stratify_True,2000,2000,category,2,class
44750,guillermo_seed_2_nrows_2000_nclasses_10_ncols_100_stratify_True,2000,2000,category,2,class
44751,guillermo_seed_3_nrows_2000_nclasses_10_ncols_100_stratify_True,2000,2000,category,2,class
44752,guillermo_seed_4_nrows_2000_nclasses_10_ncols_100_stratify_True,2000,2000,category,2,class
44753,riccardo_seed_0_nrows_2000_nclasses_10_ncols_100_stratify_True,2000,2000,category,2,class
44754,riccardo_seed_1_nrows_2000_nclasses_10_ncols_100_stratify_True,2000,2000,category,2,class
44755,riccardo_seed_2_nrows_2000_nclasses_10_ncols_100_stratify_True,2000,2000,category,2,class
44756,riccardo_seed_3_nrows_2000_nclasses_10_ncols_100_stratify_True,2000,2000,category,2,class
44757,riccardo_seed_4_nrows_2000_nclasses_10_ncols_100_stratify_True,2000,2000,category,2,class
44758,kick_seed_0_nrows_2000_nclasses_10_ncols_100_stratify_True,2000,2000,category,2,IsBadBuy
44759,kick_seed_1_nrows_2000_nclasses_10_ncols_100_stratify_True,2000,2000,category,2,IsBadBuy
44760,kick_seed_2_nrows_2000_nclasses_10_ncols_100_stratify_True,2000,2000,category,2,IsBadBuy
44761,kick_seed_3_nrows_2000_nclasses_10_ncols_100_stratify_True,2000,2000,category,2,IsBadBuy
44762,kick_seed_4_nrows_2000_nclasses_10_ncols_100_stratify_True,2000,2000,category,2,IsBadBuy
44763,Click_prediction_small_seed_0_nrows_2000_nclasses_10_ncols_100_stratify_True,2000,2000,category,2,click
44764,Click_prediction_small_seed_1_nrows_2000_nclasses_10_ncols_100_stratify_True,2000,2000,category,2,click
44765,Click_prediction_small_seed_2_nrows_2000_nclasses_10_ncols_100_stratify_True,2000,2000,category,2,click
44766,Click_prediction_small_seed_3_nrows_2000_nclasses_10_ncols_100_stratify_True,2000,2000,category,2,click
44767,Click_prediction_small_seed_4_nrows_2000_nclasses_10_ncols_100_stratify_True,2000,2000,category,2,click
44768,okcupid-stem_seed_0_nrows_2000_nclasses_10_ncols_100_stratify_True,2000,2000,category,3,job
44769,okcupid-stem_seed_1_nrows_2000_nclasses_10_ncols_100_stratify_True,2000,2000,category,3,job
44770,okcupid-stem_seed_2_nrows_2000_nclasses_10_ncols_100_stratify_True,2000,2000,category,3,job
44771,okcupid-stem_seed_3_nrows_2000_nclasses_10_ncols_100_stratify_True,2000,2000,category,3,job
44772,okcupid-stem_seed_4_nrows_2000_nclasses_10_ncols_100_stratify_True,2000,2000,category,3,job
44778,KDDCup99_seed_0_nrows_2000_nclasses_10_ncols_100_stratify_True,2000,2000,category,8,target
44779,KDDCup99_seed_1_nrows_2000_nclasses_10_ncols_100_stratify_True,2000,2000,category,8,target
44780,KDDCup99_seed_2_nrows_2000_nclasses_10_ncols_100_stratify_True,2000,2000,category,8,target
44781,KDDCup99_seed_3_nrows_2000_nclasses_10_ncols_100_stratify_True,2000,2000,category,8,target
44782,KDDCup99_seed_4_nrows_2000_nclasses_10_ncols_100_stratify_True,2000,2000,category,8,target
44783,porto-seguro_seed_0_nrows_2000_nclasses_10_ncols_100_stratify_True,2000,2000,category,2,target
44784,porto-seguro_seed_1_nrows_2000_nclasses_10_ncols_100_stratify_True,2000,2000,category,2,target
44785,porto-seguro_seed_2_nrows_2000_nclasses_10_ncols_100_stratify_True,2000,2000,category,2,target
44786,porto-seguro_seed_3_nrows_2000_nclasses_10_ncols_100_stratify_True,2000,2000,category,2,target
44787,porto-seguro_seed_4_nrows_2000_nclasses_10_ncols_100_stratify_True,2000,2000,category,2,target
44788,KDDCup09-Upselling_seed_0_nrows_2000_nclasses_10_ncols_100_stratify_True,2000,2000,category,2,upselling
44789,KDDCup09-Upselling_seed_1_nrows_2000_nclasses_10_ncols_100_stratify_True,2000,2000,category,2,upselling
44790,KDDCup09-Upselling_seed_2_nrows_2000_nclasses_10_ncols_100_stratify_True,2000,2000,category,2,upselling
44791,KDDCup09-Upselling_seed_3_nrows_2000_nclasses_10_ncols_100_stratify_True,2000,2000,category,2,upselling
44792,KDDCup09-Upselling_seed_4_nrows_2000_nclasses_10_ncols_100_stratify_True,2000,2000,category,2,upselling
44793,ECG5000,4998,4998,uint8,2,col_140
44793,ECG5000,4998,4998,uint8,2,col_140
44964,superconductivity,21263,21263,float64,3007,critical_temp
44965,geographical_origin_of_music,1059,1059,float64,31,latitude
44966,solar_flare,1066,1066,uint8,8,c_class_flares
44969,naval_propulsion_plant,11934,11934,float64,51,gt_compressor_decay_state_coefficient
44971,white_wine,4898,4898,uint8,7,quality
44973,grid_stability,10000,10000,float64,10000,stab
44978,cpu_activity,8192,8192,uint8,56,usr
44981,pumadyn32nh,8192,8192,float64,8191,thetadd6
44983,miami_housing,13932,13932,float64,2111,SALE_PRC
44989,kings_county,21613,21613,float64,4028,price
44992,fps_benchmark,24624,24624,float64,2675,FPS
44993,health_insurance,22272,22272,uint8,75,whrswk
44026,fifa,18063,18063,float64,133,wage_eur
42477,default-of-credit-card-clients,30000,30000,category,2,y
4134,Bioresponse,3751,3751,category,2,target
4134,Bioresponse,3751,3751,category,2,target
42477,default-of-credit-card-clients,30000,30000,category,2,y
45023,heloc,10000,10000,category,2,RiskPerformance
43978,credit,16714,16714,uint8,2,SeriousDlqin2yrs
45023,heloc,10000,10000,category,2,RiskPerformance
43978,credit,16714,16714,uint8,2,SeriousDlqin2yrs
197,cpu_act,8192,8192,uint8,56,usr
201,pol,15000,15000,uint8,11,foo
216,elevators,16599,16599,float64,61,Goal
416,yprop_4_1,8885,8885,float64,1336,oz252
42477,default-of-credit-card-clients,30000,30000,category,2,y
42192,compas-two-years,5278,5278,category,2,two_year_recid
45040,Intersectional-Bias-Assessment,11000,11000,uint8,2,Diagnosis
422,topo_2_1,8885,8885,float64,1336,oz267
45049,MD_MIX_Mini_Copy,28240,28240,int64,706,CATEGORY
41143,jasmine,2984,2984,category,2,class
38,sick,3772,3772,category,2,Class
45060,online_shoppers,12330,12330,bool,2,class
45062,shrutime,10000,10000,uint8,2,class
45064,Insurance,23548,23548,uint8,2,class
45067,okcupid_stem,26677,26677,object,3,class
1044,eye_movements,10936,10936,category,3,label
45075,KDD,5032,5032,int64,2,class
40701,churn,5000,5000,category,2,class
45077,qsar,1055,1055,object,2,class
45449,timing-attack-dataset-1-micro-seconds-delay-2022-09-01,9995,9995,object,11,label
45450,timing-attack-dataset-1-micro-seconds-delay-2022-09-12,9994,9994,object,11,label
45451,timing-attack-dataset-1-micro-seconds-delay-2022-09-17,9994,9994,object,11,label
45452,timing-attack-dataset-2-micro-seconds-delay-2022-09-01,9995,9995,object,11,label
45453,timing-attack-dataset-2-micro-seconds-delay-2022-09-12,9990,9990,object,11,label
45454,timing-attack-dataset-2-micro-seconds-delay-2022-09-17,9994,9994,object,11,label
45455,timing-attack-dataset-4-micro-seconds-delay-2022-09-01,9995,9995,object,11,label
45456,timing-attack-dataset-4-micro-seconds-delay-2022-09-12,9996,9996,object,11,label
45457,timing-attack-dataset-4-micro-seconds-delay-2022-09-17,9993,9993,object,11,label
45458,timing-attack-dataset-8-micro-seconds-delay-2022-09-01,9995,9995,object,11,label
45459,timing-attack-dataset-8-micro-seconds-delay-2022-09-12,9996,9996,object,11,label
45460,timing-attack-dataset-8-micro-seconds-delay-2022-09-17,9992,9992,object,11,label
45461,timing-attack-dataset-16-micro-seconds-delay-2022-09-01,9995,9995,object,11,label
45462,timing-attack-dataset-16-micro-seconds-delay-2022-09-12,9998,9998,object,11,label
45463,timing-attack-dataset-16-micro-seconds-delay-2022-09-17,9996,9996,object,11,label
45464,timing-attack-dataset-32-micro-seconds-delay-2022-09-01,9996,9996,object,11,label
45465,timing-attack-dataset-32-micro-seconds-delay-2022-09-12,9996,9996,object,11,label
45466,timing-attack-dataset-32-micro-seconds-delay-2022-09-17,9997,9997,object,11,label
45467,timing-attack-dataset-64-micro-seconds-delay-2022-09-01,9997,9997,object,11,label
45468,timing-attack-dataset-64-micro-seconds-delay-2022-09-12,9997,9997,object,11,label
45469,timing-attack-dataset-64-micro-seconds-delay-2022-09-17,9993,9993,object,11,label
45470,timing-attack-dataset-128-micro-seconds-delay-2022-09-01,9995,9995,object,11,label
45471,timing-attack-dataset-128-micro-seconds-delay-2022-09-12,9999,9999,object,11,label
45472,timing-attack-dataset-128-micro-seconds-delay-2022-09-17,9995,9995,object,11,label
45473,timing-attack-dataset-256-micro-seconds-delay-2022-09-01,9999,9999,object,11,label
45474,timing-attack-dataset-256-micro-seconds-delay-2022-09-12,9995,9995,object,11,label
45475,timing-attack-dataset-256-micro-seconds-delay-2022-09-17,9997,9997,object,11,label
45476,timing-attack-dataset-10-micro-seconds-delay-2022-09-04,9995,9995,object,11,label
45477,timing-attack-dataset-10-micro-seconds-delay-2022-09-08,21989,21989,object,11,label
45478,timing-attack-dataset-10-micro-seconds-delay-2022-09-09,19992,19992,object,11,label
45479,timing-attack-dataset-10-micro-seconds-delay-2022-09-13,21991,21991,object,11,label
45480,timing-attack-dataset-10-micro-seconds-delay-2022-09-14,19993,19993,object,11,label
45481,timing-attack-dataset-10-micro-seconds-delay-2022-09-15,19993,19993,object,11,label
45482,timing-attack-dataset-10-micro-seconds-delay-2022-09-18,9998,9998,object,11,label
45483,timing-attack-dataset-10-micro-seconds-delay-2022-09-19,9999,9999,object,11,label
45484,timing-attack-dataset-10-micro-seconds-delay-2022-09-20,19994,19994,object,11,label
45485,timing-attack-dataset-10-micro-seconds-delay-2022-09-21,9992,9992,object,11,label
45486,timing-attack-dataset-15-micro-seconds-delay-2022-09-04,9997,9997,object,11,label
45487,timing-attack-dataset-15-micro-seconds-delay-2022-09-08,19991,19991,object,11,label
45488,timing-attack-dataset-15-micro-seconds-delay-2022-09-09,19992,19992,object,11,label
45489,timing-attack-dataset-15-micro-seconds-delay-2022-09-13,19992,19992,object,11,label
45490,timing-attack-dataset-15-micro-seconds-delay-2022-09-14,19994,19994,object,11,label
45491,timing-attack-dataset-15-micro-seconds-delay-2022-09-15,19986,19986,object,11,label
45492,timing-attack-dataset-15-micro-seconds-delay-2022-09-18,9995,9995,object,11,label
45493,timing-attack-dataset-15-micro-seconds-delay-2022-09-19,9997,9997,object,11,label
45494,timing-attack-dataset-15-micro-seconds-delay-2022-09-20,19991,19991,object,11,label
45495,timing-attack-dataset-15-micro-seconds-delay-2022-09-21,9996,9996,object,11,label
45496,timing-attack-dataset-20-micro-seconds-delay-2022-09-04,9997,9997,object,11,label
45497,timing-attack-dataset-20-micro-seconds-delay-2022-09-08,19991,19991,object,11,label
45498,timing-attack-dataset-20-micro-seconds-delay-2022-09-09,19993,19993,object,11,label
45499,timing-attack-dataset-20-micro-seconds-delay-2022-09-13,19993,19993,object,11,label
45500,timing-attack-dataset-20-micro-seconds-delay-2022-09-14,19987,19987,object,11,label
45501,timing-attack-dataset-20-micro-seconds-delay-2022-09-15,19994,19994,object,11,label
45502,timing-attack-dataset-20-micro-seconds-delay-2022-09-18,9995,9995,object,11,label
45503,timing-attack-dataset-20-micro-seconds-delay-2022-09-19,9996,9996,object,11,label
45504,timing-attack-dataset-20-micro-seconds-delay-2022-09-20,21992,21992,object,11,label
45505,timing-attack-dataset-20-micro-seconds-delay-2022-09-21,9999,9999,object,11,label
45506,timing-attack-dataset-25-micro-seconds-delay-2022-09-04,9994,9994,object,11,label
45507,timing-attack-dataset-25-micro-seconds-delay-2022-09-08,19988,19988,object,11,label
45508,timing-attack-dataset-25-micro-seconds-delay-2022-09-09,19988,19988,object,11,label
45509,timing-attack-dataset-25-micro-seconds-delay-2022-09-13,19992,19992,object,11,label
45510,timing-attack-dataset-25-micro-seconds-delay-2022-09-14,19991,19991,object,11,label
45511,timing-attack-dataset-25-micro-seconds-delay-2022-09-15,19993,19993,object,11,label
45512,timing-attack-dataset-25-micro-seconds-delay-2022-09-18,9996,9996,object,11,label
45513,timing-attack-dataset-25-micro-seconds-delay-2022-09-19,9996,9996,object,11,label
45514,timing-attack-dataset-25-micro-seconds-delay-2022-09-20,19991,19991,object,11,label
45515,timing-attack-dataset-25-micro-seconds-delay-2022-09-21,9994,9994,object,11,label
45516,timing-attack-dataset-30-micro-seconds-delay-2022-09-04,9996,9996,object,11,label
45517,timing-attack-dataset-30-micro-seconds-delay-2022-09-08,19995,19995,object,11,label
45518,timing-attack-dataset-30-micro-seconds-delay-2022-09-09,19990,19990,object,11,label
45519,timing-attack-dataset-30-micro-seconds-delay-2022-09-13,19991,19991,object,11,label
45520,timing-attack-dataset-30-micro-seconds-delay-2022-09-14,19991,19991,object,11,label
45521,timing-attack-dataset-30-micro-seconds-delay-2022-09-15,19993,19993,object,11,label
45522,timing-attack-dataset-30-micro-seconds-delay-2022-09-18,9999,9999,object,11,label
45523,timing-attack-dataset-30-micro-seconds-delay-2022-09-19,9997,9997,object,11,label
45524,timing-attack-dataset-30-micro-seconds-delay-2022-09-20,19989,19989,object,11,label
45525,timing-attack-dataset-30-micro-seconds-delay-2022-09-21,9993,9993,object,11,label
45526,timing-attack-dataset-35-micro-seconds-delay-2022-09-04,9998,9998,object,11,label
45527,timing-attack-dataset-35-micro-seconds-delay-2022-09-08,19989,19989,object,11,label
45528,timing-attack-dataset-35-micro-seconds-delay-2022-09-09,19994,19994,object,11,label
45529,timing-attack-dataset-35-micro-seconds-delay-2022-09-13,19988,19988,object,11,label
45530,timing-attack-dataset-35-micro-seconds-delay-2022-09-14,19986,19986,object,11,label
45531,timing-attack-dataset-35-micro-seconds-delay-2022-09-15,19991,19991,object,11,label
45532,timing-attack-dataset-35-micro-seconds-delay-2022-09-18,9997,9997,object,11,label
45533,timing-attack-dataset-35-micro-seconds-delay-2022-09-19,9999,9999,object,11,label
45534,timing-attack-dataset-35-micro-seconds-delay-2022-09-20,19992,19992,object,11,label
45535,timing-attack-dataset-35-micro-seconds-delay-2022-09-21,9990,9990,object,11,label
45536,Contaminant-detection-in-packaged-cocoa-hazelnut-spread-jars-using-Microwaves-Sensing-and-Machine-Learning-9.0GHz(Urbinati),2400,2400,uint8,2,class
45537,Contaminant-detection-in-packaged-cocoa-hazelnut-spread-jars-using-Microwaves-Sensing-and-Machine-Learning-9.5GHz(Urbinati),2400,2400,uint8,2,class
45538,Contaminant-detection-in-packaged-cocoa-hazelnut-spread-jars-using-Microwaves-Sensing-and-Machine-Learning-10.0GHz(Urbinati),2400,2400,uint8,2,class
45539,Contaminant-detection-in-packaged-cocoa-hazelnut-spread-jars-using-Microwaves-Sensing-and-Machine-Learning-10.5GHz(Urbinati),2400,2400,uint8,2,class
45540,Contaminant-detection-in-packaged-cocoa-hazelnut-spread-jars-using-Microwaves-Sensing-and-Machine-Learning-11.0GHz(Urbinati),2400,2400,uint8,2,class
45553,FICO-HELOC-cleaned,9871,9871,category,2,RiskPerformance
45553,FICO-HELOC-cleaned,9871,9871,category,2,RiskPerformance
45559,COIL2000-train,5822,5822,uint8,2,CARAVAN
1500,seismic-bumps,210,210,category,3,Class
42178,telco-customer-churn,7043,7043,object,2,Churn
45580,churn-uplift-orange,11896,11896,uint8,2,y
